Date,Demand
2015-07-01,20243
2015-07-02,19275
2015-07-03,17682
2015-07-04,16523
2015-07-05,17620
2015-07-06,21147
2015-07-07,23207
2015-07-08,22561
2015-07-09,20387
2015-07-10,20584
2015-07-11,19521
2015-07-12,20000
2015-07-13,22777
2015-07-14,22189
2015-07-15,21184
2015-07-16,19183
2015-07-17,19540
2015-07-18,20232
2015-07-19,22804
2015-07-20,25955
2015-07-21,23989
2015-07-22,21225
2015-07-23,20588
2015-07-24,20511
2015-07-25,19617
2015-07-26,20466
2015-07-27,23252
2015-07-28,24744
2015-07-29,25660
2015-07-30,24873
2015-07-31,23137
2015-08-01,20964
2015-08-02,20299
2015-08-03,23384
2015-08-04,23165
2015-08-05,21763
2015-08-06,20501
2015-08-07,20402
2015-08-08,18494
2015-08-09,18575
2015-08-10,20949
2015-08-11,21214
2015-08-12,21012
2015-08-13,20496
2015-08-14,21048
2015-08-15,21081
2015-08-16,21656
2015-08-17,24839
2015-08-18,24846
2015-08-19,24832
2015-08-20,24627
2015-08-21,22251
2015-08-22,19193
2015-08-23,19210
2015-08-24,22190
2015-08-25,22607
2015-08-26,20482
2015-08-27,19565
2015-08-28,19184
2015-08-29,18402
2015-08-30,19653
2015-08-31,23415
2015-09-01,23627
2015-09-02,23623
2015-09-03,24188
2015-09-04,22919
2015-09-05,19644
2015-09-06,18997
2015-09-07,21132
2015-09-08,25033
2015-09-09,24881
2015-09-10,21893
2015-09-11,20046
2015-09-12,18314
2015-09-13,17535
2015-09-14,17561
2015-09-15,18524
2015-09-16,19808
2015-09-17,20542
2015-09-18,20428
2015-09-19,19035
2015-09-20,17344
2015-09-21,17398
2015-09-22,17413
2015-09-23,17497
2015-09-24,18001
2015-09-25,17697
2015-09-26,15778
2015-09-27,15372
2015-09-28,18062
2015-09-29,19753
2015-09-30,19176
2015-10-01,16638
2015-10-02,16417
2015-10-03,15490
2015-10-04,14206
2015-10-05,16342
2015-10-06,16530
2015-10-07,16675
2015-10-08,16646
2015-10-09,17085
2015-10-10,14974
2015-10-11,14689
2015-10-12,16348
2015-10-13,16915
2015-10-14,16556
2015-10-15,16375
2015-10-16,16235
2015-10-17,15249
2015-10-18,15499
2015-10-19,17113
2015-10-20,16826
2015-10-21,16633
2015-10-22,16719
2015-10-23,16323
2015-10-24,15536
2015-10-25,15135
2015-10-26,16550
2015-10-27,16854
2015-10-28,17248
2015-10-29,16868
2015-10-30,16363
2015-10-31,15352
2015-11-01,15095
2015-11-02,16512
2015-11-03,16620
2015-11-04,16587
2015-11-05,16871
2015-11-06,17140
2015-11-07,15518
2015-11-08,15161
2015-11-09,16788
2015-11-10,17024
2015-11-11,16752
2015-11-12,17038
2015-11-13,16699
2015-11-14,15867
2015-11-15,15401
2015-11-16,16626
2015-11-17,17034
2015-11-18,17087
2015-11-19,16954
2015-11-20,16552
2015-11-21,15782
2015-11-22,15667
2015-11-23,17595
2015-11-24,17878
2015-11-25,17479
2015-11-26,15357
2015-11-27,15438
2015-11-28,15568
2015-11-29,15903
2015-11-30,17761
2015-12-01,17789
2015-12-02,17470
2015-12-03,17412
2015-12-04,17387
2015-12-05,16192
2015-12-06,16251
2015-12-07,17677
2015-12-08,17693
2015-12-09,17593
2015-12-10,17071
2015-12-11,16999
2015-12-12,15859
2015-12-13,15554
2015-12-14,17105
2015-12-15,17168
2015-12-16,17471
2015-12-17,17672
2015-12-18,17589
2015-12-19,17192
2015-12-20,16934
2015-12-21,17999
2015-12-22,17474
2015-12-23,17267
2015-12-24,16179
2015-12-25,14917
2015-12-26,15471
2015-12-27,15648
2015-12-28,17498
2015-12-29,17939
2015-12-30,17479
2015-12-31,16924
2016-01-01,16200
2016-01-02,16751
2016-01-03,16628
2016-01-04,19069
2016-01-05,20207
2016-01-06,19382
2016-01-07,18750
2016-01-08,18327
2016-01-09,16584
2016-01-10,16199
2016-01-11,18602
2016-01-12,19266
2016-01-13,19630
2016-01-14,19456
2016-01-15,18112
2016-01-16,16685
2016-01-17,16978
2016-01-18,19162
2016-01-19,20284
2016-01-20,19503
2016-01-21,19323
2016-01-22,19537
2016-01-23,18592
2016-01-24,17985
2016-01-25,18840
2016-01-26,18523
2016-01-27,18326
2016-01-28,18482
2016-01-29,18480
2016-01-30,17340
2016-01-31,16329
2016-02-01,17403
2016-02-02,17605
2016-02-03,17788
2016-02-04,17345
2016-02-05,18106
2016-02-06,17145
2016-02-07,16550
2016-02-08,18325
2016-02-09,18681
2016-02-10,18717
2016-02-11,19826
2016-02-12,20094
2016-02-13,19606
2016-02-14,20315
2016-02-15,20654
2016-02-16,18897
2016-02-17,18589
2016-02-18,18842
2016-02-19,19004
2016-02-20,16451
2016-02-21,16038
2016-02-22,17591
2016-02-23,18513
2016-02-24,18464
2016-02-25,17749
2016-02-26,18473
2016-02-27,17333
2016-02-28,15908
2016-02-29,17260
2016-03-01,17644
2016-03-02,17870
2016-03-03,18601
2016-03-04,18495
2016-03-05,17088
2016-03-06,16311
2016-03-07,17364
2016-03-08,16784
2016-03-09,16429
2016-03-10,16491
2016-03-11,16335
2016-03-12,15185
2016-03-13,14890
2016-03-14,16882
2016-03-15,16793
2016-03-16,16358
2016-03-17,16347
2016-03-18,16480
2016-03-19,15709
2016-03-20,15965
2016-03-21,17315
2016-03-22,17117
2016-03-23,16698
2016-03-24,16605
2016-03-25,16103
2016-03-26,15142
2016-03-27,14467
2016-03-28,16495
2016-03-29,16661
2016-03-30,16563
2016-03-31,16347
2016-04-01,16340
2016-04-02,15216
2016-04-03,15779
2016-04-04,17943
2016-04-05,17928
2016-04-06,17770
2016-04-07,16965
2016-04-08,16901
2016-04-09,16126
2016-04-10,15726
2016-04-11,16934
2016-04-12,16720
2016-04-13,16488
2016-04-14,16276
2016-04-15,15945
2016-04-16,14606
2016-04-17,14342
2016-04-18,15987
2016-04-19,16011
2016-04-20,15904
2016-04-21,16066
2016-04-22,16370
2016-04-23,14845
2016-04-24,14112
2016-04-25,15792
2016-04-26,16238
2016-04-27,15874
2016-04-28,15845
2016-04-29,15766
2016-04-30,14420
2016-05-01,14750
2016-05-02,16214
2016-05-03,16205
2016-05-04,16209
2016-05-05,16140
2016-05-06,16135
2016-05-07,14682
2016-05-08,14147
2016-05-09,15888
2016-05-10,15857
2016-05-11,15964
2016-05-12,16347
2016-05-13,16205
2016-05-14,14848
2016-05-15,14497
2016-05-16,16025
2016-05-17,16127
2016-05-18,16009
2016-05-19,16076
2016-05-20,16079
2016-05-21,14793
2016-05-22,14512
2016-05-23,16507
2016-05-24,16759
2016-05-25,17760
2016-05-26,19312
2016-05-27,20210
2016-05-28,19837
2016-05-29,19282
2016-05-30,18823
2016-05-31,20653
2016-06-01,19972
2016-06-02,19286
2016-06-03,18565
2016-06-04,18059
2016-06-05,17192
2016-06-06,19415
2016-06-07,19671
2016-06-08,17125
2016-06-09,16461
2016-06-10,16804
2016-06-11,16988
2016-06-12,17510
2016-06-13,17299
2016-06-14,17708
2016-06-15,18926
2016-06-16,19471
2016-06-17,19035
2016-06-18,17944
2016-06-19,18449
2016-06-20,21349
2016-06-21,21361
2016-06-22,20359
2016-06-23,19979
2016-06-24,20098
2016-06-25,18815
2016-06-26,19271
2016-06-27,21328
2016-06-28,20624
2016-06-29,20650
2016-06-30,20550
2016-07-01,20176
2016-07-02,17277
2016-07-03,16771
2016-07-04,17966
2016-07-05,22055
2016-07-06,24273
2016-07-07,24911
2016-07-08,23411
2016-07-09,18740
2016-07-10,18186
2016-07-11,19982
2016-07-12,21279
2016-07-13,23113
2016-07-14,24217
2016-07-15,24735
2016-07-16,21835
2016-07-17,21524
2016-07-18,24464
2016-07-19,22120
2016-07-20,21067
2016-07-21,22684
2016-07-22,25297
2016-07-23,24291
2016-07-24,22640
2016-07-25,24615
2016-07-26,24480
2016-07-27,24560
2016-07-28,25080
2016-07-29,23481
2016-07-30,21253
2016-07-31,20291
2016-08-01,21375
2016-08-02,20869
2016-08-03,20742
2016-08-04,21444
2016-08-05,22080
2016-08-06,21751
2016-08-07,20474
2016-08-08,22078
2016-08-09,22679
2016-08-10,24617
2016-08-11,26547
2016-08-12,26596
2016-08-13,26023
2016-08-14,25118
2016-08-15,25373
2016-08-16,25588
2016-08-17,24395
2016-08-18,23348
2016-08-19,23630
2016-08-20,21964
2016-08-21,21632
2016-08-22,20516
2016-08-23,19448
2016-08-24,21287
2016-08-25,22359
2016-08-26,24221
2016-08-27,21498
2016-08-28,21368
2016-08-29,23592
2016-08-30,22020
2016-08-31,22600
2016-09-01,21287
2016-09-02,19467
2016-09-03,17173
2016-09-04,16746
2016-09-05,17526
2016-09-06,20447
2016-09-07,21999
2016-09-08,23684
2016-09-09,24968
2016-09-10,23227
2016-09-11,20497
2016-09-12,18939
2016-09-13,19491
2016-09-14,20646
2016-09-15,18210
2016-09-16,17638
2016-09-17,16748
2016-09-18,18577
2016-09-19,20394
2016-09-20,20481
2016-09-21,19956
2016-09-22,19705
2016-09-23,19503
2016-09-24,16194
2016-09-25,14985
2016-09-26,16731
2016-09-27,17587
2016-09-28,17218
2016-09-29,16660
2016-09-30,16373
2016-10-01,15244
2016-10-02,14985
2016-10-03,16554
2016-10-04,16617
2016-10-05,16392
2016-10-06,16603
2016-10-07,16587
2016-10-08,15426
2016-10-09,14868
2016-10-10,15795
2016-10-11,16292
2016-10-12,16271
2016-10-13,16501
2016-10-14,16091
2016-10-15,14990
2016-10-16,14880
2016-10-17,17071
2016-10-18,17991
2016-10-19,18144
2016-10-20,17121
2016-10-21,17371
2016-10-22,15491
2016-10-23,14909
2016-10-24,16307
2016-10-25,16662
2016-10-26,16857
2016-10-27,17532
2016-10-28,16842
2016-10-29,15649
2016-10-30,15137
2016-10-31,16409
2016-11-01,16782
2016-11-02,16547
2016-11-03,16682
2016-11-04,16229
2016-11-05,15317
2016-11-06,14993
2016-11-07,16753
2016-11-08,16773
2016-11-09,16939
2016-11-10,16837
2016-11-11,16575
2016-11-12,15904
2016-11-13,15429
2016-11-14,16753
2016-11-15,17056
2016-11-16,16743
2016-11-17,16682
2016-11-18,16537
2016-11-19,15534
2016-11-20,16406
2016-11-21,18335
2016-11-22,18227
2016-11-23,17736
2016-11-24,15905
2016-11-25,15963
2016-11-26,15761
2016-11-27,15955
2016-11-28,17361
2016-11-29,17488
2016-11-30,17152
2016-12-01,17131
2016-12-02,17262
2016-12-03,16419
2016-12-04,16241
2016-12-05,17878
2016-12-06,17911
2016-12-07,17938
2016-12-08,18101
2016-12-09,18457
2016-12-10,17725
2016-12-11,17726
2016-12-12,18543
2016-12-13,18352
2016-12-14,18609
2016-12-15,20141
2016-12-16,20502
2016-12-17,18797
2016-12-18,17551
2016-12-19,19688
2016-12-20,19846
2016-12-21,19060
2016-12-22,18555
2016-12-23,17817
2016-12-24,16840
2016-12-25,15882
2016-12-26,17226
2016-12-27,17260
2016-12-28,17931
2016-12-29,18317
2016-12-30,18033
2016-12-31,17312
2017-01-01,16073
2017-01-02,17393
2017-01-03,18089
2017-01-04,17906
2017-01-05,19134
2017-01-06,19172
2017-01-07,18991
2017-01-08,19059
2017-01-09,20579
2017-01-10,20024
2017-01-11,18069
2017-01-12,17412
2017-01-13,17524
2017-01-14,17620
2017-01-15,17045
2017-01-16,18030
2017-01-17,18248
2017-01-18,17987
2017-01-19,17681
2017-01-20,17609
2017-01-21,15988
2017-01-22,15788
2017-01-23,17847
2017-01-24,18418
2017-01-25,17928
2017-01-26,17705
2017-01-27,17923
2017-01-28,17077
2017-01-29,16660
2017-01-30,18475
2017-01-31,19170
2017-02-01,18371
2017-02-02,18320
2017-02-03,18774
2017-02-04,17838
2017-02-05,17243
2017-02-06,17943
2017-02-07,18334
2017-02-08,17427
2017-02-09,18722
2017-02-10,19329
2017-02-11,17315
2017-02-12,17399
2017-02-13,18577
2017-02-14,18347
2017-02-15,18052
2017-02-16,18508
2017-02-17,18224
2017-02-18,16202
2017-02-19,15120
2017-02-20,16266
2017-02-21,17311
2017-02-22,16730
2017-02-23,16403
2017-02-24,16097
2017-02-25,15133
2017-02-26,15807
2017-02-27,17241
2017-02-28,16789
2017-03-01,16513
2017-03-02,17018
2017-03-03,18010
2017-03-04,17925
2017-03-05,17856
2017-03-06,18170
2017-03-07,17426
2017-03-08,16528
2017-03-09,16579
2017-03-10,17903
2017-03-11,18307
2017-03-12,18065
2017-03-13,19078
2017-03-14,18689
2017-03-15,19301
2017-03-16,18838
2017-03-17,17955
2017-03-18,17100
2017-03-19,16136
2017-03-20,17371
2017-03-21,16896
2017-03-22,17669
2017-03-23,18149
2017-03-24,17520
2017-03-25,16028
2017-03-26,16039
2017-03-27,17124
2017-03-28,17106
2017-03-29,16588
2017-03-30,16907
2017-03-31,17476
2017-04-01,16192
2017-04-02,15080
2017-04-03,16298
2017-04-04,16709
2017-04-05,16485
2017-04-06,17068
2017-04-07,16997
2017-04-08,15571
2017-04-09,14642
2017-04-10,15812
2017-04-11,15965
2017-04-12,16049
2017-04-13,15709
2017-04-14,15231
2017-04-15,14407
2017-04-16,14283
2017-04-17,15795
2017-04-18,15566
2017-04-19,15966
2017-04-20,15996
2017-04-21,15930
2017-04-22,14821
2017-04-23,14158
2017-04-24,15603
2017-04-25,16064
2017-04-26,15256
2017-04-27,16158
2017-04-28,16249
2017-04-29,15598
2017-04-30,14582
2017-05-01,15986
2017-05-02,16292
2017-05-03,15728
2017-05-04,15703
2017-05-05,16086
2017-05-06,14666
2017-05-07,14367
2017-05-08,15803
2017-05-09,15878
2017-05-10,15723
2017-05-11,15628
2017-05-12,15522
2017-05-13,14698
2017-05-14,14102
2017-05-15,15652
2017-05-16,16049
2017-05-17,17905
2017-05-18,20776
2017-05-19,20773
2017-05-20,15543
2017-05-21,14460
2017-05-22,16195
2017-05-23,16146
2017-05-24,16275
2017-05-25,16201
2017-05-26,16159
2017-05-27,14787
2017-05-28,14522
2017-05-29,14775
2017-05-30,16067
2017-05-31,16494
2017-06-01,16876
2017-06-02,16403
2017-06-03,14833
2017-06-04,14748
2017-06-05,16558
2017-06-06,16194
2017-06-07,15906
2017-06-08,16228
2017-06-09,16691
2017-06-10,16998
2017-06-11,19308
2017-06-12,23437
2017-06-13,24270
2017-06-14,21422
2017-06-15,18834
2017-06-16,18348
2017-06-17,17965
2017-06-18,19898
2017-06-19,22063
2017-06-20,20822
2017-06-21,20534
2017-06-22,20499
2017-06-23,22365
2017-06-24,20357
2017-06-25,18445
2017-06-26,19029
2017-06-27,18461
2017-06-28,18329
2017-06-29,19482
2017-06-30,21455
2017-07-01,20133
2017-07-02,19921
2017-07-03,21262
2017-07-04,18975
2017-07-05,20786
2017-07-06,20551
2017-07-07,20613
2017-07-08,19565
2017-07-09,18189
2017-07-10,19751
2017-07-11,22696
2017-07-12,23776
2017-07-13,23692
2017-07-14,20036
2017-07-15,18874
2017-07-16,19537
2017-07-17,22426
2017-07-18,23332
2017-07-19,24528
2017-07-20,24925
2017-07-21,24660
2017-07-22,22243
2017-07-23,20260
2017-07-24,19676
2017-07-25,17882
2017-07-26,18477
2017-07-27,19381
2017-07-28,20681
2017-07-29,17402
2017-07-30,17180
2017-07-31,20839
2017-08-01,22626
2017-08-02,22464
2017-08-03,22295
2017-08-04,22471
2017-08-05,19188
2017-08-06,16781
2017-08-07,18318
2017-08-08,18708
2017-08-09,19773
2017-08-10,20706
2017-08-11,20268
2017-08-12,18688
2017-08-13,19092
2017-08-14,20564
2017-08-15,20573
2017-08-16,21200
2017-08-17,20700
2017-08-18,22457
2017-08-19,20843
2017-08-20,19449
2017-08-21,21937
2017-08-22,23913
2017-08-23,21302
2017-08-24,19218
2017-08-25,18454
2017-08-26,16606
2017-08-27,16113
2017-08-28,17885
2017-08-29,17499
2017-08-30,17623
2017-08-31,18367
2017-09-01,16598
2017-09-02,14941
2017-09-03,15038
2017-09-04,16088
2017-09-05,19574
2017-09-06,18414
2017-09-07,17254
2017-09-08,16693
2017-09-09,15122
2017-09-10,14929
2017-09-11,16861
2017-09-12,17591
2017-09-13,18415
2017-09-14,19765
2017-09-15,20010
2017-09-16,18761
2017-09-17,18301
2017-09-18,19729
2017-09-19,19617
2017-09-20,19639
2017-09-21,19683
2017-09-22,18771
2017-09-23,18219
2017-09-24,19512
2017-09-25,22096
2017-09-26,21678
2017-09-27,22200
2017-09-28,19502
2017-09-29,16632
2017-09-30,15114
2017-10-01,14563
2017-10-02,16279
2017-10-03,16551
2017-10-04,16983
2017-10-05,17928
2017-10-06,18349
2017-10-07,17393
2017-10-08,17734
2017-10-09,19368
2017-10-10,19193
2017-10-11,17979
2017-10-12,16702
2017-10-13,16247
2017-10-14,15571
2017-10-15,15817
2017-10-16,16312
2017-10-17,16082
2017-10-18,16169
2017-10-19,16300
2017-10-20,16093
2017-10-21,14948
2017-10-22,14814
2017-10-23,16878
2017-10-24,17621
2017-10-25,16610
2017-10-26,16180
2017-10-27,15933
2017-10-28,14912
2017-10-29,15288
2017-10-30,16323
2017-10-31,16349
2017-11-01,16729
2017-11-02,16761
2017-11-03,16570
2017-11-04,15127
2017-11-05,15188
2017-11-06,16664
2017-11-07,16825
2017-11-08,17045
2017-11-09,17092
2017-11-10,17473
2017-11-11,17007
2017-11-12,16337
2017-11-13,17491
2017-11-14,17498
2017-11-15,17315
2017-11-16,17179
2017-11-17,17303
2017-11-18,16579
2017-11-19,15926
2017-11-20,17666
2017-11-21,17155
2017-11-22,17249
2017-11-23,15961
2017-11-24,16014
2017-11-25,15613
2017-11-26,15863
2017-11-27,17494
2017-11-28,17558
2017-11-29,17020
2017-11-30,17592
2017-12-01,17022
2017-12-02,16382
2017-12-03,16217
2017-12-04,17503
2017-12-05,17415
2017-12-06,17504
2017-12-07,17886
2017-12-08,18216
2017-12-09,17668
2017-12-10,17420
2017-12-11,18536
2017-12-12,18705
2017-12-13,19863
2017-12-14,19897
2017-12-15,20121
2017-12-16,18667
2017-12-17,18104
2017-12-18,18869
2017-12-19,18119
2017-12-20,18373
2017-12-21,18767
2017-12-22,18818
2017-12-23,17482
2017-12-24,16775
2017-12-25,16883
2017-12-26,19289
2017-12-27,20269
2017-12-28,21079
2017-12-29,20913
2017-12-30,20031
2017-12-31,20153
2018-01-01,20421
2018-01-02,21314
2018-01-03,20831
2018-01-04,20809
2018-01-05,21848
2018-01-06,21523
2018-01-07,20977
2018-01-08,20768
2018-01-09,19534
2018-01-10,19179
2018-01-11,18260
2018-01-12,17641
2018-01-13,17765
2018-01-14,19126
2018-01-15,20396
2018-01-16,19970
2018-01-17,19773
2018-01-18,20172
2018-01-19,19465
2018-01-20,17287
2018-01-21,16669
2018-01-22,17921
2018-01-23,17862
2018-01-24,18464
2018-01-25,19348
2018-01-26,18909
2018-01-27,17087
2018-01-28,16283
2018-01-29,18036
2018-01-30,19146
2018-01-31,19686
2018-02-01,18659
2018-02-02,19401
2018-02-03,18942
2018-02-04,17731
2018-02-05,18810
2018-02-06,19318
2018-02-07,19578
2018-02-08,19312
2018-02-09,19442
2018-02-10,17346
2018-02-11,16810
2018-02-12,17965
2018-02-13,18625
2018-02-14,17952
2018-02-15,17318
2018-02-16,17212
2018-02-17,17063
2018-02-18,16562
2018-02-19,17363
2018-02-20,16824
2018-02-21,16656
2018-02-22,17373
2018-02-23,17830
2018-02-24,16187
2018-02-25,16237
2018-02-26,17213
2018-02-27,17047
2018-02-28,16709
2018-03-01,16741
2018-03-02,17618
2018-03-03,16360
2018-03-04,16242
2018-03-05,17919
2018-03-06,17517
2018-03-07,18177
2018-03-08,18018
2018-03-09,18021
2018-03-10,16948
2018-03-11,16319
2018-03-12,17812
2018-03-13,18200
2018-03-14,18177
2018-03-15,17912
2018-03-16,17930
2018-03-17,16828
2018-03-18,16480
2018-03-19,17650
2018-03-20,18231
2018-03-21,18381
2018-03-22,17800
2018-03-23,17391
2018-03-24,16106
2018-03-25,16175
2018-03-26,17232
2018-03-27,17536
2018-03-28,17215
2018-03-29,16998
2018-03-30,16379
2018-03-31,15345
2018-04-01,14954
2018-04-02,16942
2018-04-03,17492
2018-04-04,17041
2018-04-05,17373
2018-04-06,17453
2018-04-07,16093
2018-04-08,16119
2018-04-09,17291
2018-04-10,17234
2018-04-11,16991
2018-04-12,16781
2018-04-13,16302
2018-04-14,15227
2018-04-15,15873
2018-04-16,17286
2018-04-17,17125
2018-04-18,16959
2018-04-19,17072
2018-04-20,16751
2018-04-21,15065
2018-04-22,14351
2018-04-23,15650
2018-04-24,15559
2018-04-25,16004
2018-04-26,15829
2018-04-27,15958
2018-04-28,14603
2018-04-29,14582
2018-04-30,16041
2018-05-01,15737
2018-05-02,16452
2018-05-03,18117
2018-05-04,18379
2018-05-05,15318
2018-05-06,14614
2018-05-07,15881
2018-05-08,15979
2018-05-09,16258
2018-05-10,16086
2018-05-11,15668
2018-05-12,14706
2018-05-13,14220
2018-05-14,15848
2018-05-15,16971
2018-05-16,16266
2018-05-17,16374
2018-05-18,15896
2018-05-19,14893
2018-05-20,15240
2018-05-21,16560
2018-05-22,16457
2018-05-23,16914
2018-05-24,17395
2018-05-25,18260
2018-05-26,18539
2018-05-27,16389
2018-05-28,15556
2018-05-29,19246
2018-05-30,19345
2018-05-31,18743
2018-06-01,19627
2018-06-02,18884
2018-06-03,15774
2018-06-04,16450
2018-06-05,16706
2018-06-06,16450
2018-06-07,16674
2018-06-08,17761
2018-06-09,16907
2018-06-10,15872
2018-06-11,16944
2018-06-12,17274
2018-06-13,18235
2018-06-14,18825
2018-06-15,17798
2018-06-16,17201
2018-06-17,18707
2018-06-18,23103
2018-06-19,22587
2018-06-20,20189
2018-06-21,20289
2018-06-22,18960
2018-06-23,16558
2018-06-24,17415
2018-06-25,19119
2018-06-26,18516
2018-06-27,18512
2018-06-28,20379
2018-06-29,22204
2018-06-30,22305
2018-07-01,24268
2018-07-02,26648
2018-07-03,25758
2018-07-04,23255
2018-07-05,25602
2018-07-06,23014
2018-07-07,17331
2018-07-08,17682
2018-07-09,21187
2018-07-10,22983
2018-07-11,22701
2018-07-12,21238
2018-07-13,21583
2018-07-14,21198
2018-07-15,21337
2018-07-16,25081
2018-07-17,24174
2018-07-18,21242
2018-07-19,20262
2018-07-20,21041
2018-07-21,18764
2018-07-22,19421
2018-07-23,22896
2018-07-24,23797
2018-07-25,22850
2018-07-26,22863
2018-07-27,22929
2018-07-28,20705
2018-07-29,19464
2018-07-30,20622
2018-07-31,21308
2018-08-01,23100
2018-08-02,24246
2018-08-03,23463
2018-08-04,21715
2018-08-05,22383
2018-08-06,25893
2018-08-07,25493
2018-08-08,24713
2018-08-09,24575
2018-08-10,22968
2018-08-11,20153
2018-08-12,20202
2018-08-13,21403
2018-08-14,21724
2018-08-15,22868
2018-08-16,24333
2018-08-17,24354
2018-08-18,21452
2018-08-19,18322
2018-08-20,19575
2018-08-21,19968
2018-08-22,21188
2018-08-23,19398
2018-08-24,19716
2018-08-25,18598
2018-08-26,19287
2018-08-27,23578
2018-08-28,26353
2018-08-29,27140
2018-08-30,24941
2018-08-31,20812
2018-09-01,18804
2018-09-02,19548
2018-09-03,23027
2018-09-04,25592
2018-09-05,25922
2018-09-06,25628
2018-09-07,21281
2018-09-08,17074
2018-09-09,15296
2018-09-10,16688
2018-09-11,17656
2018-09-12,19397
2018-09-13,19902
2018-09-14,19944
2018-09-15,19111
2018-09-16,19588
2018-09-17,20818
2018-09-18,21341
2018-09-19,19963
2018-09-20,18383
2018-09-21,18865
2018-09-22,16609
2018-09-23,15242
2018-09-24,16456
2018-09-25,17229
2018-09-26,19278
2018-09-27,17365
2018-09-28,16547
2018-09-29,15070
2018-09-30,14815
2018-10-01,17100
2018-10-02,18033
2018-10-03,17690
2018-10-04,17839
2018-10-05,16712
2018-10-06,15642
2018-10-07,16302
2018-10-08,17307
2018-10-09,18574
2018-10-10,19497
2018-10-11,19439
2018-10-12,16546
2018-10-13,14753
2018-10-14,14414
2018-10-15,16404
2018-10-16,16023
2018-10-17,16201
2018-10-18,16426
2018-10-19,16254
2018-10-20,14941
2018-10-21,15087
2018-10-22,16615
2018-10-23,16345
2018-10-24,16497
2018-10-25,16605
2018-10-26,16591
2018-10-27,15936
2018-10-28,15202
2018-10-29,16570
2018-10-30,16570
2018-10-31,16567
2018-11-01,16570
2018-11-02,16752
2018-11-03,15401
2018-11-04,15076
2018-11-05,16862
2018-11-06,16797
2018-11-07,16406
2018-11-08,16563
2018-11-09,17064
2018-11-10,15954
2018-11-11,15798
2018-11-12,17075
2018-11-13,17369
2018-11-14,17884
2018-11-15,18658
2018-11-16,18084
2018-11-17,16607
2018-11-18,16477
2018-11-19,17424
2018-11-20,17634
2018-11-21,18118
2018-11-22,17573
2018-11-23,18199
2018-11-24,17125
2018-11-25,16103
2018-11-26,17624
2018-11-27,17921
2018-11-28,18276
2018-11-29,18063
2018-11-30,17956
2018-12-01,16690
2018-12-02,16329
2018-12-03,17294
2018-12-04,18064
2018-12-05,18668
2018-12-06,18715
2018-12-07,18521
2018-12-08,18010
2018-12-09,17689
2018-12-10,18719
2018-12-11,18962
2018-12-12,18797
2018-12-13,18959
2018-12-14,18107
2018-12-15,16682
2018-12-16,17035
2018-12-17,18225
2018-12-18,18880
2018-12-19,18836
2018-12-20,18404
2018-12-21,17476
2018-12-22,16749
2018-12-23,16846
2018-12-24,17164
2018-12-25,16239
2018-12-26,17912
2018-12-27,17787
2018-12-28,17396
2018-12-29,16195
2018-12-30,16754
2018-12-31,17272
2019-01-01,15867
2019-01-02,17911
2019-01-03,17985
2019-01-04,17712
2019-01-05,16682
2019-01-06,16564
2019-01-07,18899
2019-01-08,18194
2019-01-09,17984
2019-01-10,18898
2019-01-11,19451
2019-01-12,18489
2019-01-13,18132
2019-01-14,19472
2019-01-15,19259
2019-01-16,18939
2019-01-17,19285
2019-01-18,18866
2019-01-19,18108
2019-01-20,18535
2019-01-21,21362
2019-01-22,20935
2019-01-23,19455
2019-01-24,18359
2019-01-25,18587
2019-01-26,18106
2019-01-27,17476
2019-01-28,19109
2019-01-29,19508
2019-01-30,20154
2019-01-31,21845
2019-02-01,21270
2019-02-02,19413
2019-02-03,17210
2019-02-04,17393
2019-02-05,17255
2019-02-06,17873
2019-02-07,17853
2019-02-08,17791
2019-02-09,18060
2019-02-10,17616
2019-02-11,18654
2019-02-12,19471
2019-02-13,18684
2019-02-14,18243
2019-02-15,17674
2019-02-16,16629
2019-02-17,16810
2019-02-18,18121
2019-02-19,18898
2019-02-20,19307
2019-02-21,17846
2019-02-22,17565
2019-02-23,16696
2019-02-24,16459
2019-02-25,18335
2019-02-26,18935
2019-02-27,19542
2019-02-28,18909
2019-03-01,18560
2019-03-02,17254
2019-03-03,16706
2019-03-04,18324
2019-03-05,19010
2019-03-06,19594
2019-03-07,19637
2019-03-08,18792
2019-03-09,16861
2019-03-10,17051
2019-03-11,17468
2019-03-12,17734
2019-03-13,17718
2019-03-14,16829
2019-03-15,16441
2019-03-16,15798
2019-03-17,16082
2019-03-18,17471
2019-03-19,17301
2019-03-20,16914
2019-03-21,17156
2019-03-22,17280
2019-03-23,16412
2019-03-24,15650
2019-03-25,16566
2019-03-26,16954
2019-03-27,16964
2019-03-28,16887
2019-03-29,16474
2019-03-30,14900
2019-03-31,15126
2019-04-01,16833
2019-04-02,16749
2019-04-03,16224
2019-04-04,16215
2019-04-05,16968
2019-04-06,14994
2019-04-07,14310
2019-04-08,15820
2019-04-09,15915
2019-04-10,15974
2019-04-11,16450
2019-04-12,15983
2019-04-13,14396
2019-04-14,14539
2019-04-15,15994
2019-04-16,15794
2019-04-17,15310
2019-04-18,15118
2019-04-19,15265
2019-04-20,14499
2019-04-21,13735
2019-04-22,15218
2019-04-23,15319
2019-04-24,15327
2019-04-25,15047
2019-04-26,15482
2019-04-27,14551
2019-04-28,14471
2019-04-29,15535
2019-04-30,15681
2019-05-01,15760
2019-05-02,15636
2019-05-03,15463
2019-05-04,14289
2019-05-05,14203
2019-05-06,15170
2019-05-07,15375
2019-05-08,15264
2019-05-09,15393
2019-05-10,15673
2019-05-11,13984
2019-05-12,14368
2019-05-13,16086
2019-05-14,16075
2019-05-15,15486
2019-05-16,15346
2019-05-17,15648
2019-05-18,14120
2019-05-19,14716
2019-05-20,17517
2019-05-21,15840
2019-05-22,15659
2019-05-23,16161
2019-05-24,16110
2019-05-25,14495
2019-05-26,15410
2019-05-27,15783
2019-05-28,16795
2019-05-29,16432
2019-05-30,16159
2019-05-31,16870
2019-06-01,15928
2019-06-02,15990
2019-06-03,16208
2019-06-04,15966
2019-06-05,17287
2019-06-06,18789
2019-06-07,18104
2019-06-08,16383
2019-06-09,15754
2019-06-10,17146
2019-06-11,17234
2019-06-12,16803
2019-06-13,16467
2019-06-14,16187
2019-06-15,15633
2019-06-16,16209
2019-06-17,18246
2019-06-18,18351
2019-06-19,18267
2019-06-20,18652
2019-06-21,18021
2019-06-22,16313
2019-06-23,16765
2019-06-24,19442
2019-06-25,20669
2019-06-26,21398
2019-06-27,22003
2019-06-28,22145
2019-06-29,21343
2019-06-30,18981
2019-07-01,20040
2019-07-02,21196
2019-07-03,22625
2019-07-04,21408
2019-07-05,22590
2019-07-06,22367
2019-07-07,20168
2019-07-08,20200
2019-07-09,21369
2019-07-10,23080
2019-07-11,23310
2019-07-12,22226
2019-07-13,20581
2019-07-14,21322
2019-07-15,22051
2019-07-16,23584
2019-07-17,25068
2019-07-18,23298
2019-07-19,24240
2019-07-20,25942
2019-07-21,25861
2019-07-22,24053
2019-07-23,20746
2019-07-24,20444
2019-07-25,20857
2019-07-26,21567
2019-07-27,20818
2019-07-28,21781
2019-07-29,24838
2019-07-30,25447
2019-07-31,23613
2019-08-01,22179
2019-08-02,21676
2019-08-03,21034
2019-08-04,20445
2019-08-05,21110
2019-08-06,21575
2019-08-07,21850
2019-08-08,21597
2019-08-09,20512
2019-08-10,18079
2019-08-11,17402
2019-08-12,20584
2019-08-13,21442
2019-08-14,21211
2019-08-15,20920
2019-08-16,20698
2019-08-17,20551
2019-08-18,21309
2019-08-19,23342
2019-08-20,23049
2019-08-21,23600
2019-08-22,23006
2019-08-23,19453
2019-08-24,16622
2019-08-25,16241
2019-08-26,17456
2019-08-27,17708
2019-08-28,18924
2019-08-29,18945
2019-08-30,19266
2019-08-31,17501
2019-09-01,16302
2019-09-02,17317
2019-09-03,19194
2019-09-04,20259
2019-09-05,18242
2019-09-06,16980
2019-09-07,15359
2019-09-08,15646
2019-09-09,17557
2019-09-10,18262
2019-09-11,20736
2019-09-12,19819
2019-09-13,16717
2019-09-14,16107
2019-09-15,16995
2019-09-16,18209
2019-09-17,17176
2019-09-18,16476
2019-09-19,16003
2019-09-20,16355
2019-09-21,16252
2019-09-22,17554
2019-09-23,20606
2019-09-24,18415
2019-09-25,17376
2019-09-26,17847
2019-09-27,16757
2019-09-28,16731
2019-09-29,16521
2019-09-30,16604
2019-10-01,18099
2019-10-02,19933
2019-10-03,16706
2019-10-04,15878
2019-10-05,14356
2019-10-06,14880
2019-10-07,16847
2019-10-08,15913
2019-10-09,15655
2019-10-10,15594
2019-10-11,15544
2019-10-12,14458
2019-10-13,14055
2019-10-14,15594
2019-10-15,15550
2019-10-16,16139
2019-10-17,15988
2019-10-18,15704
2019-10-19,14393
2019-10-20,14558
2019-10-21,15568
2019-10-22,15981
2019-10-23,15642
2019-10-24,15734
2019-10-25,15740
2019-10-26,14433
2019-10-27,14896
2019-10-28,15617
2019-10-29,15799
2019-10-30,15915
2019-10-31,16385
2019-11-01,15718
2019-11-02,14900
2019-11-03,14901
2019-11-04,16312
2019-11-05,16390
2019-11-06,16192
2019-11-07,16725
2019-11-08,17063
2019-11-09,16323
2019-11-10,15677
2019-11-11,16691
2019-11-12,17790
2019-11-13,18553
2019-11-14,18332
2019-11-15,17406
2019-11-16,16574
2019-11-17,16771
2019-11-18,17602
2019-11-19,17322
2019-11-20,17387
2019-11-21,17094
2019-11-22,17100
2019-11-23,16208
2019-11-24,16247
2019-11-25,16956
2019-11-26,16658
2019-11-27,16744
2019-11-28,15449
2019-11-29,16482
2019-11-30,16441
2019-12-01,17483
2019-12-02,18499
2019-12-03,18509
2019-12-04,18440
2019-12-05,18223
2019-12-06,18173
2019-12-07,17349
2019-12-08,17426
2019-12-09,17795
2019-12-10,17391
2019-12-11,18459
2019-12-12,18921
2019-12-13,18356
2019-12-14,16582
2019-12-15,16690
2019-12-16,18496
2019-12-17,18954
2019-12-18,19033
2019-12-19,20353
2019-12-20,19809
2019-12-21,18613
2019-12-22,17363
2019-12-23,17416
2019-12-24,16721
2019-12-25,15921
2019-12-26,17336
2019-12-27,16929
2019-12-28,16008
2019-12-29,16297
2019-12-30,17480
2019-12-31,17125
2020-01-01,16479
2020-01-02,17381
2020-01-03,17155
2020-01-04,16232
2020-01-05,16512
2020-01-06,18001
2020-01-07,18030
2020-01-08,18356
2020-01-09,19060
2020-01-10,17989
2020-01-11,15644
2020-01-12,15270
2020-01-13,17455
2020-01-14,17434
2020-01-15,17004
2020-01-16,17627
2020-01-17,19027
2020-01-18,18764
2020-01-19,17199
2020-01-20,18944
2020-01-21,19446
2020-01-22,18811
2020-01-23,18335
2020-01-24,17510
2020-01-25,16809
2020-01-26,16250
2020-01-27,17648
2020-01-28,17796
2020-01-29,17992
2020-01-30,18489
2020-01-31,18121
2020-02-01,16781
2020-02-02,16431
2020-02-03,17122
2020-02-04,17313
2020-02-05,17498
2020-02-06,18068
2020-02-07,17935
2020-02-08,17292
2020-02-09,17019
2020-02-10,17718
2020-02-11,17476
2020-02-12,17318
2020-02-13,17840
2020-02-14,18333
2020-02-15,18245
2020-02-16,16814
2020-02-17,16912
2020-02-18,17879
2020-02-19,17302
2020-02-20,18255
2020-02-21,18379
2020-02-22,16621
2020-02-23,15729
2020-02-24,16546
2020-02-25,16821
2020-02-26,17108
2020-02-27,17552
2020-02-28,18133
2020-02-29,17240
2020-03-01,16599
2020-03-02,16877
2020-03-03,16329
2020-03-04,16381
2020-03-05,16399
2020-03-06,17013
2020-03-07,15870
2020-03-08,15288
2020-03-09,15692
2020-03-10,15925
2020-03-11,16015
2020-03-12,16420
2020-03-13,16030
2020-03-14,15099
2020-03-15,14737
2020-03-16,16294
2020-03-17,16459
2020-03-18,15715
2020-03-19,15844
2020-03-20,15336
2020-03-21,14312
2020-03-22,14680
2020-03-23,16473
2020-03-24,15486
2020-03-25,15593
2020-03-26,14831
2020-03-27,14165
2020-03-28,14472
2020-03-29,14367
2020-03-30,15036
2020-03-31,15049
2020-04-01,14590
2020-04-02,14651
2020-04-03,14933
2020-04-04,13691
2020-04-05,13416
2020-04-06,13892
2020-04-07,13797
2020-04-08,14093
2020-04-09,14661
2020-04-10,14902
2020-04-11,13929
2020-04-12,13573
2020-04-13,14474
2020-04-14,14180
2020-04-15,14403
2020-04-16,14727
2020-04-17,14849
2020-04-18,14417
2020-04-19,13600
2020-04-20,14130
2020-04-21,14898
2020-04-22,14987
2020-04-23,15086
2020-04-24,14950
2020-04-25,13275
2020-04-26,13961
2020-04-27,14825
2020-04-28,14089
2020-04-29,14410
2020-04-30,14617
2020-05-01,14160
2020-05-02,12970
2020-05-03,12834
2020-05-04,14039
2020-05-05,13845
2020-05-06,14357
2020-05-07,13976
2020-05-08,14415
2020-05-09,14328
2020-05-10,13478
2020-05-11,14524
2020-05-12,14446
2020-05-13,14148
2020-05-14,14092
2020-05-15,14526
2020-05-16,13771
2020-05-17,13145
2020-05-18,14101
2020-05-19,13853
2020-05-20,13807
2020-05-21,13868
2020-05-22,14433
2020-05-23,14298
2020-05-24,13393
2020-05-25,14122
2020-05-26,16301
2020-05-27,17037
2020-05-28,16958
2020-05-29,17309
2020-05-30,15389
2020-05-31,13605
2020-06-01,14270
2020-06-02,14761
2020-06-03,16080
2020-06-04,17527
2020-06-05,18223
2020-06-06,17652
2020-06-07,14918
2020-06-08,15941
2020-06-09,18019
2020-06-10,19938
2020-06-11,19220
2020-06-12,17882
2020-06-13,14963
2020-06-14,14079
2020-06-15,15557
2020-06-16,16060
2020-06-17,16845
2020-06-18,18193
2020-06-19,19117
2020-06-20,18924
2020-06-21,19442
2020-06-22,22017
2020-06-23,22017
2020-06-24,20653
2020-06-25,19367
2020-06-26,19628
2020-06-27,18148
2020-06-28,19149
2020-06-29,20475
2020-06-30,19296
2020-07-01,19432
2020-07-02,20922
2020-07-03,21144
2020-07-04,19236
2020-07-05,19958
2020-07-06,22294
2020-07-07,21558
2020-07-08,22738
2020-07-09,23618
2020-07-10,22534
2020-07-11,21081
2020-07-12,20428
2020-07-13,21794
2020-07-14,21161
2020-07-15,20879
2020-07-16,19968
2020-07-17,20233
2020-07-18,21242
2020-07-19,22759
2020-07-20,25329
2020-07-21,23750
2020-07-22,23897
2020-07-23,23452
2020-07-24,21916
2020-07-25,21415
2020-07-26,22590
2020-07-27,25156
2020-07-28,25523
2020-07-29,23743
2020-07-30,23551
2020-07-31,21572
2020-08-01,20880
2020-08-02,22135
2020-08-03,23573
2020-08-04,20575
2020-08-05,19825
2020-08-06,19170
2020-08-07,19075
2020-08-08,19116
2020-08-09,20146
2020-08-10,23980
2020-08-11,24444
2020-08-12,23769
2020-08-13,21963
2020-08-14,21871
2020-08-15,19493
2020-08-16,17609
2020-08-17,18791
2020-08-18,19141
2020-08-19,18266
2020-08-20,17907
2020-08-21,19492
2020-08-22,20326
2020-08-23,20579
2020-08-24,23297
2020-08-25,22790
2020-08-26,18654
2020-08-27,20420
2020-08-28,20377
2020-08-29,19514
2020-08-30,17037
2020-08-31,17439
2020-09-01,18745
2020-09-02,19894
2020-09-03,20358
2020-09-04,19834
2020-09-05,16615
2020-09-06,16455
2020-09-07,17345
2020-09-08,19627
2020-09-09,19965
2020-09-10,20757
2020-09-11,18562
2020-09-12,15382
2020-09-13,15854
2020-09-14,17141
2020-09-15,15364
2020-09-16,15574
2020-09-17,16489
2020-09-18,15781
2020-09-19,13776
2020-09-20,13611
2020-09-21,14963
2020-09-22,15108
2020-09-23,15726
2020-09-24,16168
2020-09-25,16458
2020-09-26,15580
2020-09-27,16400
2020-09-28,18138
2020-09-29,17630
2020-09-30,16343
2020-10-01,15711
2020-10-02,15403
2020-10-03,14099
2020-10-04,14057
2020-10-05,15360
2020-10-06,15395
2020-10-07,15579
2020-10-08,15024
2020-10-09,15000
2020-10-10,14419
2020-10-11,14092
2020-10-12,15275
2020-10-13,15525
2020-10-14,15169
2020-10-15,15455
2020-10-16,15698
2020-10-17,14219
2020-10-18,14203
2020-10-19,15467
2020-10-20,15776
2020-10-21,15869
2020-10-22,15995
2020-10-23,15844
2020-10-24,14664
2020-10-25,14317
2020-10-26,15943
2020-10-27,15753
2020-10-28,15937
2020-10-29,16255
2020-10-30,16551
2020-10-31,15398
2020-11-01,15368
2020-11-02,16817
2020-11-03,16624
2020-11-04,16088
2020-11-05,15609
2020-11-06,15307
2020-11-07,14258
2020-11-08,14033
2020-11-09,15323
2020-11-10,15492
2020-11-11,15761
2020-11-12,15865
2020-11-13,16112
2020-11-14,14971
2020-11-15,15065
2020-11-16,15937
2020-11-17,16677
2020-11-18,17367
2020-11-19,17042
2020-11-20,15759
2020-11-21,14785
2020-11-22,15358
2020-11-23,16250
2020-11-24,16504
2020-11-25,16389
2020-11-26,14832
2020-11-27,14697
2020-11-28,14838
2020-11-29,14918
2020-11-30,16567
2020-12-01,16285
2020-12-02,17213
2020-12-03,16900
2020-12-04,16692
2020-12-05,16175
2020-12-06,16373
2020-12-07,17790
2020-12-08,18295
2020-12-09,18252
2020-12-10,17398
2020-12-11,16919
2020-12-12,16029
2020-12-13,15414
2020-12-14,17518
2020-12-15,18046
2020-12-16,19245
2020-12-17,19034
2020-12-18,19142
2020-12-19,18414
2020-12-20,17595
2020-12-21,17892
2020-12-22,17737
2020-12-23,17655
2020-12-24,16524
2020-12-25,15585
2020-12-26,17232
2020-12-27,17098
2020-12-28,17458
2020-12-29,17683
2020-12-30,18023
2020-12-31,17068
2021-01-01,16453
2021-01-02,16120
2021-01-03,16698
2021-01-04,17488
2021-01-05,17537
2021-01-06,17704
2021-01-07,17892
2021-01-08,18212
2021-01-09,17411
2021-01-10,16972
2021-01-11,18308
2021-01-12,17968
2021-01-13,17864
2021-01-14,17391
2021-01-15,17413
2021-01-16,16330
2021-01-17,16186
2021-01-18,17028
2021-01-19,17803
2021-01-20,18086
2021-01-21,18401
2021-01-22,17696
2021-01-23,17595
2021-01-24,17799
2021-01-25,18606
2021-01-26,18743
2021-01-27,18456
2021-01-28,19005
2021-01-29,20056
2021-01-30,18865
2021-01-31,18819
2021-02-01,19379
2021-02-02,18951
2021-02-03,18802
2021-02-04,18183
2021-02-05,17818
2021-02-06,16949
2021-02-07,17697
2021-02-08,19155
2021-02-09,19261
2021-02-10,18827
2021-02-11,18965
2021-02-12,19249
2021-02-13,18388
2021-02-14,17573
2021-02-15,18251
2021-02-16,17985
2021-02-17,18518
2021-02-18,19206
2021-02-19,18855
2021-02-20,17621
2021-02-21,17271
2021-02-22,18590
2021-02-23,17902
2021-02-24,16906
2021-02-25,16842
2021-02-26,16946
2021-02-27,16247
2021-02-28,15905
2021-03-01,17212
2021-03-02,18219
2021-03-03,17140
2021-03-04,17177
2021-03-05,17881
2021-03-06,17201
2021-03-07,16409
2021-03-08,17522
2021-03-09,16283
2021-03-10,15934
2021-03-11,15541
2021-03-12,15108
2021-03-13,15048
2021-03-14,15264
2021-03-15,17570
2021-03-16,18061
2021-03-17,16973
2021-03-18,17082
2021-03-19,16777
2021-03-20,15294
2021-03-21,14470
2021-03-22,15204
2021-03-23,15036
2021-03-24,15429
2021-03-25,14859
2021-03-26,14903
2021-03-27,13766
2021-03-28,14296
2021-03-29,15257
2021-03-30,14979
2021-03-31,15275
2021-04-01,15740
2021-04-02,15937
2021-04-03,14723
2021-04-04,13745
2021-04-05,14683
2021-04-06,14669
2021-04-07,14571
2021-04-08,14462
2021-04-09,14513
2021-04-10,13545
2021-04-11,13795
2021-04-12,15319
2021-04-13,14820
2021-04-14,14643
2021-04-15,15437
2021-04-16,15542
2021-04-17,14245
2021-04-18,13571
2021-04-19,14607
2021-04-20,14900
2021-04-21,15540
2021-04-22,15947
2021-04-23,15042
2021-04-24,13542
2021-04-25,13737
2021-04-26,14748
2021-04-27,14824
2021-04-28,14876
2021-04-29,15382
2021-04-30,14990
2021-05-01,13617
2021-05-02,13528
2021-05-03,14827
2021-05-04,14947
2021-05-05,15033
2021-05-06,14393
2021-05-07,14532
2021-05-08,13885
2021-05-09,13410
2021-05-10,14834
2021-05-11,14726
2021-05-12,14647
2021-05-13,14583
2021-05-14,14626
2021-05-15,13676
2021-05-16,13644
2021-05-17,15063
2021-05-18,15701
2021-05-19,16796
2021-05-20,16718
2021-05-21,16926
2021-05-22,16907
2021-05-23,17768
2021-05-24,16110
2021-05-25,16434
2021-05-26,18462
2021-05-27,17601
2021-05-28,15762
2021-05-29,14366
2021-05-30,14111
2021-05-31,13822
2021-06-01,15328
2021-06-02,16011
2021-06-03,16430
2021-06-04,17348
2021-06-05,18027
2021-06-06,19954
2021-06-07,22389
2021-06-08,22348
2021-06-09,22694
2021-06-10,20260
2021-06-11,17334
2021-06-12,16007
2021-06-13,15995
2021-06-14,17423
2021-06-15,17706
2021-06-16,16760
2021-06-17,16565
2021-06-18,17599
2021-06-19,18750
2021-06-20,18710
2021-06-21,22129
2021-06-22,18824
2021-06-23,16356
2021-06-24,17105
2021-06-25,18079
2021-06-26,19267
2021-06-27,21177
2021-06-28,24692
2021-06-29,25763
2021-06-30,25685
2021-07-01,22195
2021-07-02,19496
2021-07-03,15809
2021-07-04,15500
2021-07-05,18172
2021-07-06,22402
2021-07-07,22878
2021-07-08,21598
2021-07-09,20751
2021-07-10,18738
2021-07-11,17932
2021-07-12,20636
2021-07-13,20219
2021-07-14,21421
2021-07-15,22910
2021-07-16,23802
2021-07-17,21533
2021-07-18,19785
2021-07-19,20639
2021-07-20,21869
2021-07-21,20550
2021-07-22,19171
2021-07-23,19102
2021-07-24,18159
2021-07-25,19239
2021-07-26,22172
2021-07-27,21797
2021-07-28,20480
2021-07-29,19666
2021-07-30,19038
2021-07-31,16040
2021-08-01,16407
2021-08-02,17981
2021-08-03,17844
2021-08-04,18119
2021-08-05,18850
2021-08-06,20591
2021-08-07,20030
2021-08-08,18833
2021-08-09,21007
2021-08-10,22180
2021-08-11,23951
2021-08-12,24609
2021-08-13,25009
2021-08-14,22262
2021-08-15,18425
2021-08-16,19666
2021-08-17,20591
2021-08-18,21459
2021-08-19,22625
2021-08-20,21921
2021-08-21,20854
2021-08-22,19812
2021-08-23,21397
2021-08-24,22682
2021-08-25,23512
2021-08-26,24911
2021-08-27,24399
2021-08-28,19795
2021-08-29,18495
2021-08-30,21967
2021-08-31,21259
2021-09-01,19067
2021-09-02,16910
2021-09-03,16460
2021-09-04,15867
2021-09-05,16250
2021-09-06,17131
2021-09-07,17933
2021-09-08,19491
2021-09-09,18740
2021-09-10,16934
2021-09-11,15784
2021-09-12,17175
2021-09-13,19839
2021-09-14,19396
2021-09-15,20777
2021-09-16,19026
2021-09-17,19058
2021-09-18,18458
2021-09-19,16320
2021-09-20,17256
2021-09-21,17490
2021-09-22,19325
2021-09-23,19743
2021-09-24,16681
2021-09-25,15087
2021-09-26,14603
2021-09-27,16436
2021-09-28,16764
2021-09-29,15494
2021-09-30,15365
2021-10-01,15024
2021-10-02,14401
2021-10-03,15085
2021-10-04,17002
2021-10-05,16090
2021-10-06,15996
2021-10-07,16356
2021-10-08,16507
2021-10-09,14905
2021-10-10,14604
2021-10-11,15825
2021-10-12,16243
2021-10-13,16358
2021-10-14,16587
2021-10-15,16973
2021-10-16,15938
2021-10-17,14138
2021-10-18,15251
2021-10-19,15245
2021-10-20,15524
2021-10-21,15786
2021-10-22,15574
2021-10-23,14337
2021-10-24,14095
2021-10-25,15911
2021-10-26,16127
2021-10-27,15540
2021-10-28,15421
2021-10-29,15536
2021-10-30,14811
2021-10-31,14228
2021-11-01,15317
2021-11-02,15887
2021-11-03,16130
2021-11-04,16346
2021-11-05,16203
2021-11-06,15134
2021-11-07,14868
2021-11-08,15766
2021-11-09,15765
2021-11-10,15447
2021-11-11,15765
2021-11-12,15838
2021-11-13,15142
2021-11-14,15194
2021-11-15,16677
2021-11-16,16735
2021-11-17,16722
2021-11-18,16092
2021-11-19,16459
2021-11-20,15726
2021-11-21,15239
2021-11-22,16642
2021-11-23,17283
2021-11-24,17181
2021-11-25,15428
2021-11-26,15935
2021-11-27,16252
2021-11-28,16560
2021-11-29,17647
2021-11-30,18036
2021-12-01,17301
2021-12-02,17065
2021-12-03,17087
2021-12-04,16407
2021-12-05,16137
2021-12-06,17049
2021-12-07,17639
2021-12-08,18167
2021-12-09,18303
2021-12-10,17575
2021-12-11,16116
2021-12-12,15583
2021-12-13,16971
2021-12-14,16929
2021-12-15,17415
2021-12-16,16434
2021-12-17,16117
2021-12-18,16487
2021-12-19,16718
2021-12-20,18277
2021-12-21,17841
2021-12-22,17781
2021-12-23,18100
2021-12-24,17212
2021-12-25,15917
2021-12-26,15718
2021-12-27,17661
2021-12-28,17164
2021-12-29,17162
2021-12-30,16732
2021-12-31,15852
2022-01-01,15223
2022-01-02,15914
2022-01-03,18620
2022-01-04,18918
2022-01-05,18288
2022-01-06,18104
2022-01-07,18806
2022-01-08,18341
2022-01-09,17661
2022-01-10,18913
2022-01-11,20259
2022-01-12,19488
2022-01-13,18060
2022-01-14,18283
2022-01-15,19660
2022-01-16,19314
2022-01-17,18640
2022-01-18,18947
2022-01-19,18637
2022-01-20,18724
2022-01-21,20119
2022-01-22,19341
2022-01-23,18288
2022-01-24,19148
2022-01-25,18762
2022-01-26,19547
2022-01-27,19938
2022-01-28,19299
2022-01-29,19626
2022-01-30,19387
2022-01-31,19698
2022-02-01,19137
2022-02-02,18185
2022-02-03,18127
2022-02-04,18726
2022-02-05,18663
2022-02-06,18641
2022-02-07,18846
2022-02-08,18179
2022-02-09,17858
2022-02-10,17464
2022-02-11,16935
2022-02-12,15966
2022-02-13,17378
2022-02-14,19552
2022-02-15,19713
2022-02-16,18561
2022-02-17,17079
2022-02-18,17214
2022-02-19,17776
2022-02-20,17355
2022-02-21,16482
2022-02-22,17047
2022-02-23,16550
2022-02-24,18053
2022-02-25,18580
2022-02-26,17456
2022-02-27,16730
2022-02-28,18072
2022-03-01,18069
2022-03-02,16941
2022-03-03,17313
2022-03-04,17953
2022-03-05,16260
